Customer ID,Customer Name
HP-14815,Harold Pawlan
PK-19075,Pete Kriz
KB-16585,Ken Black
MA-17560,Matt Abelman
GH-14485,Gene Hale
SN-20710,Steve Nguyen
LC-16930,Linda Cazamias
ON-18715,Odella Nelson
PO-18865,Patrick O'Donnell
DP-13000,Darren Powers
PS-18970,Paul Stevenson
TB-21520,Tracy Blumstein
KB-16600,Ken Brennan
JE-15745,Joel Eaton
CS-12400,Christopher Schild
PG-18895,Paul Gonzalez
GM-14455,Gary Mitchum
KB-16315,Karl Braun
ER-13855,Elpida Rittenbach
RB-19465,Rick Bensley
GZ-14470,Gary Zandusky
PA-19060,Pete Armstrong
CL-12565,Clay Ludtke
AD-10180,Alan Dominguez
PF-19165,Philip Fox
SG-20080,Sandra Glassco
JE-16165,Justin Ellison
NP-18670,Nora Paige
BM-11140,Becky Martin
JB-15400,Jennifer Braxton
SJ-20500,Shirley Jackson
DK-13150,David Kendrick
AM-10360,Alice McCarthy
LC-17140,Logan Currie
JH-15985,Joseph Holt
MS-17980,Michael Stewart
DS-13180,David Smith
KL-16645,Ken Lonsdale
DW-13480,Dianna Wilson
DR-12880,Dan Reichenbach
Dl-13600,Dorris liebe
SB-20290,Sean Braxton
RC-19825,Roy Collins
SC-20725,Steven Cartwright
JH-15910,Jonathan Howell
CS-12130,Chad Sievert
GT-14755,Guy Thornton
MM-18280,Muhammed MacIntyre
RA-19915,Russell Applegate
LA-16780,Laura Armstrong
BP-11095,Bart Pistole
AG-10675,Anna Gayman
JM-15265,Janet Molinari
KH-16630,Ken Heidel
PO-19180,Philisse Overcash
BB-11545,Brenda Bowman
TB-21595,Troy Blackwell
NF-18385,Natalie Fritzler
JS-15940,Joni Sundaresam
CC-12670,Craig Carreira
SA-20830,Sue Ann Reed
CW-11905,Carl Weiss
LS-17245,Lynn Smith
DB-13210,Dean Braden
MC-17605,Matt Connell
EP-13915,Emily Phan
BD-11500,Bradley Drucker
DK-13225,Dean Katz
GT-14710,Greg Tran
CS-11950,Carlos Soltero
MS-17830,Melanie Seite
NB-18655,Nona Balk
CA-12265,Christina Anderson
SF-20965,Sylvia Foulston
JD-16150,Justin Deggeller
SC-20305,Sean Christensen
CC-12430,Chuck Clark
EH-14125,Eugene Hildebrand
CB-12025,Cassandra Brandow
TH-21235,Tiffany House
MO-17800,Meg O'Connel
TD-20995,Tamara Dahlen
RB-19570,Rob Beeghly
CD-11980,Carol Darley
MP-17965,Michael Paige
JF-15355,Jay Fein
PO-19195,Phillina Ober
SS-20875,Sung Shariari
PB-19105,Peter Bühler
RF-19735,Roland Fjeld
DC-13285,Debra Catini
BF-11020,Barry Französisch
BV-11245,Benjamin Venier
RH-19495,Rick Hansen
AA-10375,Allen Armold
BW-11110,Bart Watters
LH-17020,Lisa Hazard
EB-13705,Ed Braxton
PM-19135,Peter McVee
TH-21550,Tracy Hopkins
HL-15040,Hunter Lopez
MS-17365,Maribeth Schnelling
DB-13060,Dave Brooks
BE-11335,Bill Eplett
BM-11650,Brian Moss
KL-16555,Kelly Lampkin
RW-19630,Rob Williams
GH-14665,Greg Hansen
AS-10630,Ann Steele
TS-21340,Toby Swindell
PO-18850,Patrick O'Brill
AT-10735,Annie Thurman
EL-13735,Ed Ludwig
RD-19660,Robert Dilbeck
NS-18640,Noel Staavos
JD-16060,Julia Dunbar
CM-12160,Charles McCrossin
CC-12100,Chad Cunningham
BT-11395,Bill Tyler
LC-16870,Lena Cacioppo
RP-19390,Resi Pölking
EH-13945,Eric Hoffmann
FH-14275,Frank Hawley
NC-18340,Nat Carroll
AA-10315,Alex Avila
PM-18940,Paul MacIntyre
SW-20275,Scott Williamson
LT-17110,Liz Thompson
CA-12055,Cathy Armstrong
ZC-21910,Zuschuss Carroll
IM-15070,Irene Maddox
CC-12220,Chris Cortes
SP-20545,Sibella Parks
MS-17710,Maurice Satty
BD-11770,Bryan Davis
TR-21325,Toby Ritter
KW-16435,Katrina Willman
QJ-19255,Quincy Jones
BM-11785,Bryan Mills
LE-16810,Laurel Elliston
MN-17935,Michael Nguyen
BN-11515,Bradley Nguyen
BP-11290,Beth Paige
DC-12850,Dan Campbell
LB-16735,Larry Blacks
JK-16120,Julie Kriz
CK-12760,Cyma Kinney
SZ-20035,Sam Zeldin
SV-20815,Stuart Van
SD-20485,Shirley Daniels
NH-18610,Nicole Hansen
DK-12835,Damala Kotsonis
NM-18520,Neoma Murray
JD-15790,John Dryer
NG-18430,Nathan Gelder
LS-16975,Lindsay Shagiari
PL-18925,Paul Lucas
VB-21745,Victoria Brennan
ME-17320,Maria Etezadi
AW-10840,Anthony Witt
MC-18100,Mick Crebagga
TT-21460,Tonja Turnell
MY-18295,Muhammed Yedwab
DP-13390,Dennis Pardue
AB-10150,Aimee Bixby
BS-11380,Bill Stewart
NS-18505,Neola Schneider
RD-19480,Rick Duston
RD-19585,Rob Dowd
HF-14995,Herbert Flentye
AB-10255,Alejandro Ballentine
JP-15520,Jeremy Pistek
MM-18055,Michelle Moray
KD-16345,Katherine Ducich
LH-17155,Logan Haushalter
DA-13450,Dianna Arnett
SL-20155,Sara Luxemburg
RM-19375,Raymond Messe
SC-20770,Stewart Carmichael
GG-14650,Greg Guthrie
JE-15610,Jim Epp
RP-19855,Roy Phan
TB-21175,Thomas Boland
BE-11455,Brad Eason
JF-15565,Jill Fjeld
PB-19210,Phillip Breyer
HK-14890,Heather Kirkland
JL-15235,Janet Lee
EA-14035,Erin Ashbrook
AS-10045,Aaron Smayling
FA-14230,Frank Atkinson
RK-19300,Ralph Kennedy
AC-10420,Alyssa Crouse
RF-19840,Roy Französisch
JC-15775,John Castell
DL-12865,Dan Lawera
AC-10450,Amy Cox
MD-17860,Michael Dominguez
CH-12070,Cathy Hwang
SC-20230,Scot Coram
CP-12085,Cathy Prescott
RW-19690,Robert Waldorf
BD-11320,Bill Donatelli
ML-17755,Max Ludwig
JD-16015,Joy Daniels
AS-10090,Adam Shillingsburg
JS-16030,Joy Smith
SC-20050,Sample Company A
CM-12190,Charlotte Melton
SC-20800,Stuart Calhoun
GB-14530,George Bell
CT-11995,Carol Triggs
TP-21130,Theone Pippenger
ED-13885,Emily Ducich
MP-17470,Mark Packer
HG-14965,Henry Goldwyn
EH-14005,Erica Hernandez
TB-21625,Trudy Brown
AF-10870,Art Ferguson
RB-19435,Richard Bierner
BF-11170,Ben Ferrer
DV-13465,Dianna Vittorini
HA-14920,Helen Andreada
CC-12610,Corey Catlett
IL-15100,Ivan Liston
AW-10930,Arthur Wiediger
DB-13405,Denny Blanton
JH-15820,John Huston
SJ-20125,Sanjit Jacobs
SF-20200,Sarah Foster
JL-15505,Jeremy Lonsdale
BP-11185,Ben Peterman
EM-13825,Elizabeth Moffitt
CL-11890,Carl Ludwig
PV-18985,Paul Van Hugh
HM-14860,Harry Marie
CR-12580,Clay Rozendal
MZ-17515,Mary Zewe
FO-14305,Frank Olsen
KT-16480,Kean Thornton
SC-20575,Sonia Cooley
LS-17200,Luke Schmidt
CD-12790,Cynthia Delaney
TT-21220,Thomas Thornton
VM-21685,Valerie Mitchum
CM-12235,Chris McAfee
SM-20320,Sean Miller
CS-12250,Chris Selesnick
SE-20110,Sanjit Engle
MC-17590,Matt Collister
MC-17635,Matthew Clasen
KA-16525,Kelly Andreada
TB-21400,Tom Boeckenhauer
CL-12700,Craig Leslie
HG-15025,Hunter Glantz
MH-18115,Mick Hernandez
RA-19285,Ralph Arnett
LF-17185,Luke Foster
AP-10720,Anne Pryor
MO-17950,Michael Oakman
JJ-15445,Jennifer Jackson
LD-17005,Lisa DeCherney
CC-12145,Charles Crestani
MP-18175,Mike Pelletier
MT-18070,Michelle Tran
AC-10660,Anna Chung
BG-11695,Brooke Gillingham
SN-20560,Skye Norling
VF-21715,Vicky Freymann
RB-19360,Raymond Buch
TM-21010,Tamara Manning
PW-19240,Pierre Wener
CR-12730,Craig Reiter
KH-16330,Katharine Harms
DL-12925,Daniel Lacy
DB-13270,Deborah Brumfield
Co-12640,Corey-Lock
AR-10510,Andrew Roberts
MJ-17740,Max Jones
VP-21730,Victor Preis
JB-16000,Joy Bell-
DM-12955,Dario Medina
SW-20350,Sean Wendt
TS-21370,Todd Sumrall
RE-19450,Richard Eichhorn
KM-16375,Katherine Murray
TP-21415,Tom Prescott
CV-12805,Cynthia Voltz
FG-14260,Frank Gastineau
AA-10480,Andrew Allen
CY-12745,Craig Yedwab
AR-10825,Anthony Rawles
SM-20950,Suzanne McNair
PT-19090,Pete Takahito
KT-16465,Kean Takahito
TC-20980,Tamara Chand
DR-12940,Daniel Raglin
ML-18040,Michelle Lonsdale
JL-15130,Jack Lebron
SH-19975,Sally Hughsby
ND-18370,Natalie DeCherney
DW-13195,David Wiener
EG-13900,Emily Grady
SJ-20215,Sarah Jordon
LB-16795,Laurel Beltran
CM-11815,Candace McMahon
VW-21775,Victoria Wilson
KM-16225,Kalyca Meade
JP-16135,Julie Prescott
JF-15295,Jason Fortune-
KH-16510,Keith Herrera
SP-20620,Stefania Perrino
EB-13750,Edward Becker
KD-16270,Karen Daniels
AH-10195,Alan Haines
NF-18595,Nicole Fjeld
MC-17425,Mark Cousins
TB-21280,Toby Braunhardt
CS-12490,Cindy Schnelling
DB-13660,Duane Benoit
EH-14185,Evan Henry
KF-16285,Karen Ferguson
HZ-14950,Henia Zydlo
SS-20590,Sonia Sunley
DE-13255,Deanra Eno
RA-19945,Ryan Akin
RH-19600,Rob Haberlin
KB-16240,Karen Bern
RD-19930,Russell D'Ascenzo
SC-20020,Sam Craven
HW-14935,Helen Wasserman
MG-17875,Michael Grace
DM-13345,Denise Monton
GA-14515,George Ashbrook
MM-17920,Michael Moore
DB-12910,Daniel Byrd
FC-14335,Fred Chung
DK-13090,Dave Kipp
KD-16495,Keith Dawkins
NC-18535,Nick Crebassa
AJ-10945,Ashley Jarboe
EN-13780,Edward Nazzal
SS-20140,Saphhira Shifley
JO-15550,Jesus Ocampo
BS-11590,Brendan Sweed
JG-15310,Jason Gross
TS-21160,Theresa Swint
MH-18025,Michelle Huthwaite
JJ-15760,Joel Jenkins
RH-19510,Rick Huthwaite
JG-15805,John Grady
RW-19540,Rick Wilson
DM-13015,Darrin Martin
LC-16885,Lena Creighton
CK-12595,Clytie Kelty
MS-17770,Maxwell Schwartz
TC-21475,Tony Chapman
AB-10105,Adrian Barton
JS-15880,John Stevenson
LS-17230,Lycoris Saunders
MH-17455,Mark Hamilton
KE-16420,Katrina Edelman
PS-19045,Penelope Sewall
DK-12895,Dana Kaydos
BT-11305,Beth Thompson
FH-14350,Fred Harton
CS-11845,Cari Sayre
SP-20920,Susan Pistek
DK-12985,Darren Koutras
XP-21865,Xylona Preis
NP-18685,Nora Pelletier
SC-20680,Steve Carroll
SC-20095,Sanjit Chand
DD-13570,Dorothy Dickinson
DL-13495,Dionis Lloyd
NC-18625,Noah Childs
AB-10600,Ann Blume
RB-19330,Randy Bradley
JK-15730,Joe Kamberova
SG-20890,Susan Gilcrest
CS-12175,Charles Sheldon
AH-10585,Angele Hood
EB-13840,Ellis Ballard
WB-21850,William Brown
VG-21805,Vivek Grady
LS-16945,Linda Southworth
NF-18475,Neil Französisch
TS-21610,Troy Staebel
CC-12475,Cindy Chapman
KN-16450,Kean Nguyen
CA-11965,Carol Adams
MO-17500,Mary O'Rourke
VM-21835,Vivian Mathis
RR-19315,Ralph Ritter
MA-17995,Michelle Arnett
LH-16900,Lena Hernandez
BF-10975,Barbara Fisher
CB-12415,Christy Brittain
MT-17815,Meg Tillman
DK-13375,Dennis Kane
SR-20740,Steven Roelle
BD-11620,Brian DeCherney
BG-11740,Bruce Geld
KC-16540,Kelly Collister
MK-17905,Michael Kennedy
TM-21490,Tony Molinari
RL-19615,Rob Lucas
EB-13930,Eric Barreto
EB-13870,Emily Burns
NM-18445,Nathan Mautz
MG-17650,Matthew Grinstein
GH-14410,Gary Hansen
GA-14725,Guy Armstrong
DB-13555,Dorothy Badders
JL-15835,John Lee
DH-13075,Dave Hallsten
EJ-13720,Ed Jacobs
NR-18550,Nick Radford
SV-20935,Susan Vittorini
JB-15925,Joni Blumstein
CM-12385,Christopher Martinez
GB-14575,Giulietta Baptist
PF-19120,Peter Fuller
SC-20695,Steve Chapman
MB-17305,Maria Bertelson
LP-17095,Liz Preis
NC-18415,Nathan Cano
CV-12295,Christina VanderZanden
HR-14770,Hallie Redmond
AH-10465,Amy Hunt
SV-20365,Seth Vernon
CG-12040,Catherine Glotzbach
BK-11260,Berenike Kampe
AZ-10750,Annie Zypern
HA-14905,Helen Abelman
TS-21430,Tom Stivers
KW-16570,Kelly Williams
CA-12775,Cynthia Arntzen
SR-20425,Sharelle Roach
PP-18955,Paul Prost
TT-21265,Tim Taslimi
BC-11125,Becky Castell
SP-20860,Sung Pak
BO-11350,Bill Overfelt
AB-10165,Alan Barnes
MV-18190,Mike Vittorini
JK-15325,Jason Klamczynski
YC-21895,Yoseph Carroll
CD-11920,Carlos Daly
EH-13990,Erica Hackney
AG-10495,Andrew Gjertsen
DM-13525,Don Miller
JE-15715,Joe Elijah
TA-21385,Tom Ashbrook
PJ-18835,Patrick Jones
ST-20530,Shui Tom
Dp-13240,Dean percer
CG-12520,Claire Gute
TB-21355,Todd Boyes
JK-16090,Juliana Krohn
DB-12970,Darren Budd
SU-20665,Stephanie Ulpright
BP-11230,Benjamin Patterson
RB-19705,Roger Barcio
AG-10765,Anthony Garverick
EB-14170,Evan Bailliet
RD-19720,Roger Demir
AH-10690,Anna Häberlin
SS-20410,Shahid Shariari
AR-10345,Alex Russell
RD-19900,Ruben Dartt
ZD-21925,Zuschuss Donatelli
RR-19525,Rick Reed
PG-18820,Patrick Gardner
BF-11215,Benjamin Farhat
TS-21655,Trudy Schmidt
BG-11035,Barry Gonzalez
NZ-18565,Nick Zandusky
JE-15475,Jeremy Ellison
KN-16705,Kristina Nunn
AG-10330,Alex Grayson
ES-14020,Erica Smith
AM-10705,Anne McFarland
SB-20185,Sarah Brown
CM-12445,Chuck Magee
NW-18400,Natalie Webber
ML-17410,Maris LaWare
MC-17575,Matt Collins
GK-14620,Grace Kelly
AS-10285,Alejandro Savely
SB-20170,Sarah Bern
AH-10210,Alan Hwang
NK-18490,Neil Knudson
NG-18355,Nat Gilpin
RB-19795,Ross Baird
AG-10900,Arthur Gainer
TP-21565,Tracy Poddar
TB-21250,Tim Brockman
AH-10120,Adrian Hane
PR-18880,Patrick Ryan
BT-11680,Brian Thompson
VT-21700,Valerie Takahito
LD-16855,Lela Donovan
AR-10540,Andy Reiter
SC-20260,Scott Cohen
KM-16720,Kunst Miller
DL-13330,Denise Leinenbach
SS-20515,Shirley Schmidt
LO-17170,Lori Olson
DP-13165,David Philippe
BT-11440,Bobby Trafton
JO-15145,Jack O'Briant
MY-17380,Maribeth Yedwab
RF-19345,Randy Ferguson
VS-21820,Vivek Sundaresam
JS-15595,Jill Stevenson
AR-10405,Allen Rosenblatt
NP-18700,Nora Preis
PS-18760,Pamela Stobb
JA-15970,Joseph Airdo
ME-18010,Michelle Ellison
CK-12205,Chloris Kastensmidt
TG-21640,Trudy Glocke
VD-21670,Valerie Dominguez
JW-16075,Julia West
MG-17890,Michael Granlund
EM-14140,Eugene Moren
BS-11365,Bill Shonely
AG-10525,Andy Gerbode
MG-18145,Mike Gockenbach
TN-21040,Tanja Norvell
SP-20650,Stephanie Phelps
AG-10270,Alejandro Grove
ME-17725,Max Engle
VP-21760,Victoria Pisteka
RD-19810,Ross DeVincentis
FM-14380,Fred McMath
KH-16360,Katherine Hughes
BW-11200,Ben Wallace
MV-17485,Mark Van Huff
CM-12715,Craig Molinari
JR-16210,Justin Ritter
KN-16390,Katherine Nockton
PN-18775,Parhena Norris
BS-11665,Brian Stugart
BH-11710,Brosina Hoffman
EK-13795,Eileen Kiefer
JP-15460,Jennifer Patt
CC-12550,Clay Cheatham
LW-17215,Luke Weiss
BP-11050,Barry Pond
MB-18085,Mick Brown
GM-14500,Gene McClure
DW-13540,Don Weiss
TS-21205,Thomas Seio
DO-13645,Doug O'Connell
EM-14200,Evan Minnotte
SC-20380,Shahid Collister
EH-13765,Edward Hooks
AA-10645,Anna Andreadi
JM-15250,Janet Martin
CR-12820,Cyra Reiten
JM-15865,John Murray
LW-16825,Laurel Workman
HE-14800,Harold Engle
BM-11575,Brendan Murry
MC-17845,Michael Chen
AB-10015,Aaron Bergman
OT-18730,Olvera Toch
GW-14605,Giulietta Weimer
SF-20065,Sandra Flanagan
MF-18250,Monica Federle
MH-17440,Mark Haberlin
MR-17545,Mathew Reese
MD-17350,Maribeth Dona
AH-10075,Adam Hart
BN-11470,Brad Norvell
TH-21115,Thea Hudgings
CC-12685,Craig Carroll
EM-14065,Erin Mull
BS-11755,Bruce Stewart
DJ-13420,Denny Joy
CA-12310,Christine Abelman
LC-17050,Liz Carlisle
DB-13120,David Bremer
JG-15160,James Galang
CR-12625,Corey Roper
JC-16105,Julie Creighton
TC-21295,Toby Carlisle
FC-14245,Frank Carlisle
DF-13135,David Flashing
FP-14320,Frank Preis
SW-20245,Scot Wooten
RO-19780,Rose O'Brian
CC-12370,Christopher Conant
CS-11860,Cari Schnelling
DL-13315,Delfina Latchford
HG-14845,Harry Greene
EM-13960,Eric Murdock
LR-17035,Lisa Ryan
SV-20785,Stewart Visinsky
MG-17695,Maureen Gnade
BB-10990,Barry Blumstein
RS-19870,Roy Skaria
FM-14290,Frank Merwin
PW-19030,Pauline Webber
RS-19765,Roland Schwarz
SM-20005,Sally Matthias
JF-15415,Jennifer Ferguson
DP-13105,Dave Poirier
SC-20845,Sung Chung
MH-17620,Matt Hagelstein
DN-13690,Duane Noonan
EC-14050,Erin Creighton
AB-10060,Adam Bellavance
BE-11410,Bobby Elias
SG-20605,Speros Goranitis
AC-10615,Ann Chong
RP-19270,Rachel Payne
HJ-14875,Heather Jas
HD-14785,Harold Dahlen
BF-11005,Barry Franz
MH-17785,Maya Herman
MW-18220,Mitch Webber
JL-15850,John Lucas
CJ-12010,Caroline Jumper
JF-15490,Jeremy Farry
CM-12655,Corinna Mitchell
RC-19960,Ryan Crowe
TB-21055,Ted Butterfield
HM-14980,Henry MacAllister
DW-13585,Dorothy Wardle
JD-15895,Jonathan Doherty
MG-17680,Maureen Gastineau
JK-15640,Jim Kriz
SK-19990,Sally Knutson
FH-14365,Fred Hopkins
AS-10225,Alan Schoenberger
AJ-10960,Astrea Jones
BD-11605,Brian Dahlen
LM-17065,Liz MacKendrick
AS-10135,Adrian Shami
GD-14590,Giulietta Dortch
TW-21025,Tamara Willingham
DJ-13630,Doug Jacobs
CP-12340,Christine Phan
GP-14740,Guy Phonely
PK-18910,Paul Knutson
LL-16840,Lauren Leatherbury
JM-15535,Jessica Myrick
BS-11800,Bryan Spruell
PB-19150,Philip Brown
AG-10390,Allen Goldenen
DG-13300,Deirdre Greer
BT-11485,Brad Thomas
CB-12535,Claudia Bergmann
SW-20755,Steven Ward
CS-12355,Christine Sundaresam
GZ-14545,George Zrebassa
JR-15670,Jim Radford
CM-12115,Chad McGuire
SC-20440,Shaun Chance
AI-10855,Arianne Irving
MC-18130,Mike Caudle
JM-15655,Jim Mitchum
PC-18745,Pamela Coakley
SG-20470,Sheri Gordon
NP-18325,Naresj Patel
AS-10240,Alan Shonely
JK-15370,Jay Kimmel
FM-14215,Filia McAdams
GM-14440,Gary McGarr
JW-15220,Jane Waco
BF-11080,Bart Folk
MM-17260,Magdelene Morse
GT-14635,Grant Thornton
DO-13435,Denny Ordway
GM-14680,Greg Matthias
JK-15625,Jim Karlsson
CS-12460,Chuck Sachs
NB-18580,Nicole Brennan
HR-14830,Harold Ryan
BD-11725,Bruce Degenhardt
KC-16255,Karen Carlisle
EM-13810,Eleni McCrary
AF-10885,Art Foster
JM-16195,Justin MacKendrick
SH-20395,Shahid Hopkins
DV-13045,Darrin Van Huff
JC-15340,Jasper Cacioppo
EB-14110,Eugene Barchas
BP-11155,Becky Pak
AH-10030,Aaron Hawkins
TT-21070,Ted Trevino
TC-21535,Tracy Collins
SO-20335,Sean O'Donnell
JW-15955,Joni Wasserman
MF-17665,Maureen Fritzler
RM-19750,Roland Murray
DH-13675,Duane Huffman
MC-17275,Marc Crier
AG-10300,Aleksandra Gannaway
RS-19420,Ricardo Sperren
RM-19675,Robert Marley
DJ-13510,Don Jones
ES-14080,Erin Smith
DB-13360,Dennis Bolton
JO-15280,Jas O'Carroll
LW-17125,Liz Willingham
MS-17530,MaryBeth Skach
TH-21100,Thea Hendricks
KH-16690,Kristen Hastings
AJ-10795,Anthony Johnson
YS-21880,Yana Sorensen
GR-14560,Georgia Rosenberg
ML-17395,Marina Lichtenstein
JH-15430,Jennifer Halladay
AT-10435,Alyssa Tate
KB-16405,Katrina Bavinger
JM-15580,Jill Matthias
BD-11635,Brian Derr
TB-21190,Thomas Brumley
JF-15190,Jamie Frazer
BT-11530,Bradley Talbott
JK-15205,Jamie Kunitz
AJ-10780,Anthony Jacobs
DS-13030,Darrin Sayre
JH-16180,Justin Hirsh
PJ-19015,Pauline Johnson
TC-21145,Theresa Coyne
LH-16750,Larry Hughes
MH-17290,Marc Harrigan
BO-11425,Bobby Odegard
TG-21310,Toby Gnade
LT-16765,Larry Tron
TS-21505,Tony Sayre
CS-12505,Cindy Stewart
BW-11065,Barry Weirich
JS-15685,Jim Sink
ND-18460,Neil Ducich
JB-16045,Julia Barnett
EJ-14155,Eva Jacobs
IG-15085,Ivan Gibson
EM-14095,Eudokia Martin
CJ-11875,Carl Jackson
AY-10555,Andy Yotov
LC-16960,Lindsay Castell
SW-20455,Shaun Weien
FW-14395,Fred Wasserman
KM-16660,Khloe Miller
KD-16615,Ken Dana
CK-12325,Christine Kargatis
RE-19405,Ricardo Emerson
CD-12280,Christina DeMoss
SM-20905,Susan MacKendrick
MK-18160,Mike Kennedy
PH-18790,Patricia Hirasaki
AP-10915,Arthur Prichep
JL-15175,James Lanier
MW-18235,Mitch Willingham
LW-16990,Lindsay Williams
LR-16915,Lena Radford
JR-15700,Jocasta Rupert
TS-21085,Thais Sissman
CM-11935,Carlos Meador
RA-19885,Ruben Ausman
DB-13615,Doug Bickford
GH-14425,Gary Hwang
RH-19555,Ritsa Hightower
EB-13975,Erica Bern
KC-16675,Kimberly Carter
GM-14695,Greg Maxwell
SH-20635,Stefanie Holloman
RB-19645,Robert Barroso
KS-16300,Karen Seio
MG-18205,Mitch Gastineau
BF-11275,Beth Fritzler
AR-10570,Anemone Ratner
ML-18265,Muhammed Lee
JG-15115,Jack Garza
VG-21790,Vivek Gonzalez
BD-11560,Brendan Dodson
PF-19225,Phillip Flathmann
LP-17080,Liz Pelletier
TZ-21580,Tracy Zic
PC-19000,Pauline Chand
JC-15385,Jenna Caffey
HH-15010,Hilary Holden
PB-18805,Patrick Bzostek
MZ-17335,Maria Zettner
NL-18310,Nancy Lomonaco
AO-10810,Anthony O'Donnell
IM-15055,Ionia McGrath
